Similarity,PMID,Title,Abstract
1.0019999742507935,9364291,"An open, multicentre, comparative study of the efficacy and safety of azithromycin and co-amoxiclav in the treatment of upper and lower respiratory tract infections in children. The Paediatric Azithromycin Study Group.","An open prospective, multicentre, comparative, randomized (2:1) study was conducted in 481 children diagnosed as having mild-to-moderate lower respiratory tract infections. The efficacy and safety of azithromycin suspension (10 mg/kg), dosed orally once daily for 3 days, was compared with that of co-amoxiclav (10 mg/kg in a 4:1 ratio), dosed orally three times daily for 5-10 days. The proportion of evaluable patients (n = 472) showing a cure or improvement was significantly higher in the azithromycin group (96.8%) than in the co-amoxiclav group (91%, P = 0.0199). There were six relapses in both groups, giving an overall response rate of 95% for azithromycin versus 87.1% for co-amoxiclav (P = 0.0025). Adverse events were reported in 10% of the patients treated with azithromycin, and 11.3% of co-amoxiclav patients. Reported and counted compliance was significantly better in the azithromycin group. A 3-day regimen of azithromycin was as effective and as safe as a 5-10 day regimen of co-amoxiclav in the treatment of respiratory tract infections in children, and compliance was improved."
1.0019999742507935,11266417,"Efficacy, safety and tolerability of 3 day azithromycin versus 10 day co-amoxiclav in the treatment of children with acute lower respiratory tract infections.","To compare the efficacy, safety and tolerability of a 3 day course of azithromycin with a 10 day course of co-amoxiclav in the treatment of children with acute lower respiratory tract infection (LRTI), 118 patients with community-acquired LRTI were included in a multicentre randomized double-blind, double-dummy study. The diagnosis of LRTI was based on the presence of respiratory signs and symptoms in combination with consolidation on a chest radiograph or clinical evidence of LRTI. Patients received oral azithromycin suspension (10 mg/kg/24 h) or placebo in one dose for 3 days and co-amoxiclav (45/11.25 mg/kg/24 h) or placebo in three doses for 10 days. Of 110 eligible patients, 56 and 54 patients, respectively, were treated with azithromycin or co-amoxiclav. The percentage of patients cured or clinically improved at days 10-13 (primary endpoint) was 91% for azithromycin and 87% for co-amoxiclav. This difference of 4% (90% confidence interval: -6%, +14%) was not statistically significant (P= 0.55). Significantly (P = 0.01) more related adverse events were found in the co-amoxiclav group. This was largely due to a higher percentage (43% versus 19%) of gastrointestinal complaints. A 3 day course of azithromycin (three doses) is as effective in the treatment of LRTI in children as a 10 day course of co-amoxiclav (30 doses). The azithromycin group had fewer adverse events. We conclude that azithromycin is an effective, safe and well-tolerated drug in the treatment of children with LRTI. An additional advantage is the easy administration and short duration of therapy."
0.9900000095367432,12526069,Comparative randomized trial of azithromycin versus erythromycin and amoxicillin for treatment of community-acquired pneumonia in children.,"Our objective was to compare the clinical efficacy of azithromycin vs. erythromycin and amoxicillin in the treatment of presumed bacterial community-acquired pneumonia in ambulatory children, and to evaluate the etiologies of these illnesses. One hundred and ten children, aged 1 month to 14 years, were enrolled between January 1996-January 1999. Children were distributed into two groups according to clinical and radiological patterns: classic or atypical pneumonia. Patients with classic pneumonia were randomly assigned to receive oral amoxicillin 75 mg/kg/day for 7 days, or azithromycin 10 mg/kg/day for 3 days; patients with atypical pneumonia received azithromycin 10 mg/kg/day for 3 days, or erythromycin 50 mg/kg/day for 14 days. Chest X-ray, clinical, and laboratory parameters were obtained on enrollment. Clinic visits were performed on days 3, 7, and 14, and chest X-ray follow-up on days 7 and 14. Microbiological diagnosis of classic pathogens was based on blood and bronchial secretion cultures. The diagnosis of atypical pathogens C. pneumoniae, C. trachomatis, and M. pneumoniae was based on PCR and serologic tests.Forty-seven children met the criteria for classic pneumonia (23 children received azithromycin, and 24 received amoxicillin), and 59 children had atypical pneumonia (33 children were treated with azithromycin, and 26 with erythromycin). Demographic characteristics at enrollment were similar between children with classic pneumonia treated with azithromycin and erythromycin and children treated with azithromycin and erythromycin for atypical pneumonia. However, on day 7, children with classic pneumonia who received azithromycin normalized their chest X-ray more often than those who received amoxicillin (81.0% vs. 60.9%, respectively, P = 0.009). The same was true for children with atypical pneumonia; their chest X-rays had normalized by day 14 (100% in those with azithromycin vs. 81% in those with erythromycin, P = 0.059). Also, children with atypical pneumonia treated with azithromycin had earlier cessation of cough than children treated with erythromycin (3.6 +/- 1.9 vs. 5.5 +/- 3.6 days respectively, P = 0.02). There were only three children with side effects (mild diarrhea, all in the erythromycin group). Etiological agents were identified in 41% of children. In conclusion, azithromycin is an effective therapeutic option for the treatment of community-acquired classic and atypical pneumonia in children."
0.9800000190734863,8818851,"A randomized, comparative study to evaluate the efficacy and tolerability of a 3-day course of azithromycin versus a 10-day course of co-amoxiclav as treatment of adult patients with lower respiratory tract infections.","Clinical and bacteriological efficacy and tolerability of azithromycin (500 mg once daily for 3 days) and those of a 10-day regimen of co-amoxiclav (37 mg three times daily) were evaluated in a large-scale, double-blind comparative study of 369 patients (> or = 18 years old) with acute lower respiratory tract infections. After treatment, 165/173 (95%) azithromycin- and 166/173 (96%) co-amoxiclav-treated patients had responded satisfactorily (cure or improvement). Baseline pathogens (mainly Streptococcus pneumoniae and Haemophilus influenzae) were eradicated in 82/82 (100%) azithromycin- and 73/74 (99%) co-amoxiclav-treated patients who were bacteriologically assessable. Adverse events, which were predominantly of mild to moderate severity and mostly affected the gastrointestinal system, were recorded in 13/186 (7%) azithromycin- and 19/183 (10%) co-amoxiclav-treated patients. Only two (1%) azithromycin-treated patients discontinued treatment due to adverse events compared with eight (4%) who received co-amoxiclav. The results show that azithromycin at a dose of 500 mg once daily for 3 days is an effective and safe alternative to a 10-day, three-times-daily course of co-amoxiclav in the treatment of lower respiratory tract infections in adults."
0.9760000109672546,18327427,"An open, randomized, comparative study of clarithromycin and erythromycin in the treatment of children with community-acquired pneumonia.","BACKGROUND AND PURPOSE: This study aimed to evaluate the efficacy and safety of clarithromycin and erythromycin in the treatment of community-acquired pneumonia in children. METHODS: Children with community-acquired pneumonia were randomly assigned to receive 10-day regimens of either clarithromycin 15 mg/kg/day, twice a day, or erythromycin 30-50 mg/kg/day, four times daily. RESULTS: A total of 97 children entered this study, including 26 with Mycoplasma pneumoniae infection, 15 with Chlamydia pneumoniae infection, and 6 with mixed mycoplasma and chlamydia infections. Fifty and 47 children received clarithromycin and erythromycin treatment, respectively. Three children withdrew from the study because the identified pathogens were resistant to the study drugs. All 47 children with mycoplasma or chlamydia infection were cured clinically. Delayed defervescence, defined as a fever lasting for more than 72 h after treatment, was observed in 4 of 22 clarithromycin-treated children (18%) and in 3 of 15 erythromycin-treated children (20%) [p>0.05]. Gastrointestinal side effects, including vomiting, abdominal pain and diarrhea, were observed in 3 of 50 children (6%) receiving clarithromycin and in 11 of 49 children (22%) receiving erythromycin (p=0.039). Excluding children with abnormal pretreatment liver function, abnormal liver function after treatment was observed in only one child, treated with erythromycin. Post-treatment eosinophil and platelet counts were significantly elevated after treatment in both groups. CONCLUSIONS: Clarithromycin showed efficacy equivalent to erythromycin for the treatment of mycoplasma or chlamydia pneumonia in children. However, the tolerability of clarithromycin was superior to that of erythromycin."
0.9750000238418579,8371127,"A single-blind, randomised, comparative study of clarithromycin and amoxycillin suspensions in the treatment of children with lower respiratory tract infections.","One hundred and forty-five children with signs and symptoms of lower respiratory tract infections were entered into this multicentre, General Practice, investigator-blind study, designed to demonstrate equivalent efficacy between clarithromycin and amoxycillin suspensions. Seventy one children were randomised to treatment with clarithromycin suspension 7.5 mg/kg bodyweight twice daily and 74 to treatment with amoxycillin suspension 125 mg (bodyweight < 25 kg) or 250 mg (bodyweight > or = 25 kg) three times a day according to bodyweight. Duration of therapy was 5-10 days as determined by the investigator. Clinical evaluations were performed pretreatment, during treatment and post-treatment within 72 hours of cessation of therapy. Fifty two children in the clarithromycin group and 57 in the amoxycillin group were clinically evaluable. Both study medications were effective and there were no significant differences between the groups with respect to clinical cure rate (60% for clarithromycin and 63% for amoxycillin), clinical success rate (cure plus improvement, 96% for clarithromycin and 95% for amoxycillin) or rate of resolution of clinical signs and symptoms in clinically evaluable patients. The intention to treat analysis for all patients entered similarly showed no significant differences in efficacy. The two treatment groups did not differ significantly with respect to incidence or severity of adverse events which were generally mild and associated with the gastrointestinal system. Therapy was withdrawn because of adverse events in three children on clarithromycin and one on amoxycillin. Bacteriological cure rates could not be determined because of an insufficient number of evaluable pre-treatment sputum samples.(ABSTRACT TRUNCATED AT 250 WORDS)"
0.9750000238418579,15361727,"Two dosages of clarithromycin for five days, amoxicillin/clavulanate for five days or penicillin V for ten days in acute group A streptococcal tonsillopharyngitis.","BACKGROUND: Short course antimicrobial therapy is suggested for group A streptococcal tonsillopharyngitis. METHODS: The bacteriologic and clinical efficacies of clarithromycin [30 or 15 mg/kg/day twice daily (b.i.d.)] or amoxicillin/clavulanate (43.8/6.2 mg/kg/day b.i.d.) for 5 days or penicillin V (30 mg/kg/day 3 times a day) for 10 days were compared. In a randomized, open label, parallel group, multicenter study, 626 children (2-16 years old) with tonsillopharyngitis were enrolled; 537 were evaluable for efficacy. Follow-up evaluations were performed at 4-8 and 21-28 days after therapy. RESULTS: At enrollment, 26% of the Streptococcus pyogenes isolates were clarithromycin-nonsusceptible. All regimens had an apparently similar clinical efficacy. The long term S. pyogenes eradication rates were 102 of 123 (83%) with amoxicillin/clavulanate and 88 of 114 (77%) with penicillin V. In the 30- and 15-mg/kg/day clarithromycin groups, eradication occurred in 71 of 86 (83%) and 59 of 80 (74%) of the clarithromycin-susceptible isolates (P = 0.33), and in 4 of 28 (14%) and 5 of 26 (19%) of the clarithromycin-resistant isolates, respectively (clarithromycin-susceptible versus -resistant, P < 0.0001). Both clarithromycin dosages were well-tolerated. CONCLUSIONS: In group A streptococcal tonsillopharyngitis, 5 days of clarithromycin or amoxicillin/clavulanate treatment had clinical efficacy comparable with that of 10 days of penicillin V treatment; however, amoxicillin/clavulanate and penicillin V were bacteriologically more effective than clarithromycin because of its failure to eradicate the clarithromycin-resistant S. pyogenes isolates. The 5-day clarithromycin regimens are not recommended for treatment of streptococcal tonsillopharyngitis in areas where in vitro resistance of group A streptococci to clarithromycin is common."
0.9729999899864197,11827905,Clinical efficacy of co-trimoxazole versus amoxicillin twice daily for treatment of pneumonia: a randomised controlled clinical trial in Pakistan.,"AIMS: To compare the clinical efficacy of twice daily oral co-trimoxazole with twice daily oral amoxicillin for treatment of childhood pneumonia. METHODS: Randomised controlled, double blind, multicentre study in outpatient departments of seven hospitals and in one community health service. A total of 1471 children (aged 2-59 months) with non-severe pneumonia were randomly assigned to 25 mg/kg amoxicillin (n = 730) or 4 mg/kg trimethoprim plus 20 mg/kg sulphamethoxazole (co-trimoxazole) (n = 741). Both medicines were given orally twice daily for five days. RESULTS: Data from 1459 children were analysed: 725 were randomised to amoxicillin and 734 to co-trimoxazole. Treatment failure in the amoxicillin group was 16.1% compared to 18.9% in the co-trimoxazole group. Multivariate analysis showed that treatment failure was more likely in infants who had history of difficult breathing or those who had been ill for more than three days before presentation. CONCLUSIONS: Both amoxicillin and co-trimoxazole were equally effective in non-severe pneumonia. Good follow up of patients is essential to prevent worsening of illness."
0.972000002861023,35476706,"Extended Versus Standard Antibiotic Course Duration in Children <5 Years of Age Hospitalized With Community-acquired Pneumonia in High-risk Settings: Four-week Outcomes of a Multicenter, Double-blind, Parallel, Superiority Randomized Controlled Trial.","BACKGROUND: High-level evidence is limited for antibiotic duration in children hospitalized with community-acquired pneumonia (CAP) from First Nations and other at-risk populations of chronic respiratory disorders. As part of a larger study, we determined whether an extended antibiotic course is superior to a standard course for achieving clinical cure at 4 weeks in children 3 months to </=5 years old hospitalized with CAP. METHODS: In our multinational (Australia, New Zealand, Malaysia), double-blind, superiority randomized controlled trial, children hospitalized with uncomplicated, radiographic-confirmed, CAP received 1-3 days of intravenous antibiotics followed by 3 days of oral amoxicillin-clavulanate (80 mg/kg, amoxicillin component, divided twice daily) and then randomized to extended (13-14 days duration) or standard (5-6 days) antibiotics. The primary outcome was clinical cure (complete resolution of respiratory symptoms/signs) 4 weeks postenrollment. Secondary outcomes included adverse events, nasopharyngeal bacterial pathogens and antimicrobial resistance at 4 weeks. RESULTS: Of 372 children enrolled, 324 fulfilled the inclusion criteria and were randomized. Using intention-to-treat analysis, between-group clinical cure rates were similar (extended course: n = 127/163, 77.9%; standard course: n = 131/161, 81.3%; relative risk = 0.96, 95% confidence interval = 0.86-1.07). There were no significant between-group differences for adverse events (extended course: n = 43/163, 26.4%; standard course, n = 32/161, 19.9%) or nasopharyngeal carriage of Streptococcus pneumoniae, Haemophilus influenzae, Moraxella catarrhalis and Staphylococcus aureus or antimicrobial resistance. CONCLUSIONS: Among children hospitalized with pneumonia and at-risk of chronic respiratory illnesses, an extended antibiotic course was not superior to a standard course at achieving clinical cure at 4 weeks. Additional research will identify if an extended course provides longer-term benefits."
0.9700000286102295,10640263,Randomised trial of pivampicillin plus pivmecillinam vs. pivampicillin in children and young adults with chronic obstructive pulmonary disease and infection with Haemophilus influenzae.,"A prospective, randomised, single-blind comparative trial was carried out to determine whether double beta-lactam treatment with pivampicillin plus pivmecillinam is more effective than pivampicillin alone in the treatment of recurrent and chronic lung infections with Haemophilus influenzae in patients with chronic obstructive pulmonary disease (COPD) or cystic fibrosis (CF). Fifty-six children and young adults with COPD or CF were randomised to the clinical study. The patients were allocated at random to receive perorally either pivmecillinam, 40 mg/kg/day, combined with pivampicillin, 50 mg/kg/day, or pivampicillin 50 mg/kg/day alone for 14 days. A cross-over pharmacokinetic study using the same drugs was carried out in 10 CF patients to determine the antibiotic concentrations in serum and sputum after a single dose of each drug. The clinical study showed no significant differences in clinical scoring, lung function tests or adverse events after treatment with pivampicillin plus pivmecillinam or pivampicillin alone. Follow-up microbiological evaluation 2 and 6 weeks after the end of treatment showed that the offending pathogen was eradicated in 68% of the patients treated with pivampicillin plus pivmecillinam and in 67% of the patients treated with pivampicillin alone. Reinfection with another biotype was more common in the combination group (50% vs. 21%) than in the pivampicillin group. In the pharmacokinetic study the median peak serum concentration occurred two hours after intake of tablets. The efficacy of double beta lactam treatment in lung infections with H. influenzae appears to be equivalent to that of ampicillin on clinical lung symptoms, lung function tests, adverse effects and bacteriology."
0.9700000286102295,7667050,Mycoplasma pneumoniae and Chlamydia pneumoniae in pediatric community-acquired pneumonia: comparative efficacy and safety of clarithromycin vs. erythromycin ethylsuccinate.,"We evaluated 260 previously healthy children ages 3 through 12 years who had clinical signs and symptoms of pneumonia, radiographically confirmed. Patients were randomized 1:1 to a 10-day course of either clarithromycin suspension 15 mg/kg/day divided twice a day or erythromycin suspension 40 mg/kg/day divided twice a day or three times a day. Evidence of infection with Chlamydia pneumoniae was detected in 28% (74) of patients: 13% (34) by nasopharyngeal culture and 18% (48) by serology with the microimmunofluorescence assay. Evidence of infection with Mycoplasma pneumoniae was detected in 27% (69) of patients: 20% (53) by nasopharyngeal culture or polymerase chain reaction and 17% (44) by serology with the use of enzyme-linked immunosorbent assay. Serologic confirmation of infection was observed in 23% (8) and 53% (28) of patients with bacteriologically detected C. pneumoniae and M. pneumoniae, respectively. Treatment with clarithromycin vs. erythromycin, respectively, yielded the following outcomes: clinical success 98% (121 of 124) vs. 95% (105 of 110); radiologic success 98% (109 of 111) vs. 94% (92 of 110); and eradication by pathogen, C. pneumoniae 79% (15 of 19) vs. 86% (12 of 14) and M. pneumoniae 100% (9 of 9) vs. 100% (4 of 4). Adverse events were primarily gastrointestinal occurring in almost one-fourth of patients in both groups, and were mild to moderate in severity. Clarithromycin and erythromycin were similarly effective and safe for the treatment of radiographically proved, community-acquired pneumonia in children older than 2 years old.(ABSTRACT TRUNCATED AT 250 WORDS)"
0.9700000286102295,12075761,Azithromycin versus penicillin V for treatment of acute group A streptococcal pharyngitis.,"OBJECTIVE: To compare a 3-day azithromycin vs. a 10-day penicillin V regimen for treatment of acute group A streptococcal (GAS) pharyngitis in children and to determine whether viral infection and/or pharyngeal GAS carriage in patients and adult contacts affect clinical and bacteriologic efficacy. METHODS: This multicenter, randomized, comparative, open label study compared 3-day, once daily 10 mg/kg azithromycin oral suspension with a 10-day regimen of 100,000 IU/kg/day penicillin V oral suspension in three divided doses in children with acute GAS pharyngitis. Clinical and bacteriologic efficacy and tolerability of the antibiotics were evaluated. Recurrence of symptoms and infection was monitored for 6 months. RESULTS: In total, 292 children (age range, 2 to 12 years) received at least one dose of study medication. Clinical success (cure/improvement) with either antibiotic was similar at the end of therapy (Day 14; azithromycin, 95%; penicillin V, 97%) and at Day 28 (azithromycin, 94%; penicillin V, 95%). Bacteriologic eradication was significantly less with azithromycin than with penicillin V at Day 14 (azithromycin, 38%; penicillin V, 81%; P < 0.001) and at Day 28 (azithromycin, 31%; penicillin V, 68%; P < 0.001). There was no associated increase in GAS-related sequelae. The lower incidence of bacteriologic eradication with azithromycin was not the result of possible concomitant viral infections in the patients, GAS carriage in one parent/guardian or any reduced susceptibility in pretreatment GAS isolates. Both antibiotics were equally well-tolerated. CONCLUSIONS: Treatment with 3-day, once daily 10 mg/kg azithromycin for GAS pharyngitis is associated with similar high levels of clinical efficacy, but lower levels of bacteriologic eradication, than with 10-day 100,000 IU/kg/day penicillin V."
0.968999981880188,11049764,Effects of amoxicillin/clavulanate or azithromycin on nasopharyngeal carriage of Streptococcus pneumoniae and Haemophilus influenzae in children with acute otitis media.,"The effect of antibiotic therapy on nasopharyngeal colonization by Streptococcus pneumoniae and Haemophilus influenzae was evaluated in children diagnosed with acute otitis media. Children were randomly assigned to receive either amoxicillin/clavulanate or azithromycin therapy, and nasopharyngeal swabs were obtained for culture before and after starting therapy. Amoxicillin/clavulanate therapy eradicated or suppressed all strains of S. pneumoniae susceptible to penicillin, 75% of strains with intermediate resistance, and 40% of strains resistant to penicillin. Azithromycin therapy cleared two-thirds of azithromycin-susceptible strains of S. pneumoniae but none of azithromycin-nonsusceptible strains. Selection for antibiotic-resistant strains in individual children was not observed in children who received amoxicillin/clavulanate therapy but was observed in 2 children who received azithromycin therapy. Carriage of H. influenzae was also reduced by antimicrobial therapy but more so by amoxicillin/clavulanate. Antibiotic therapy does not directly increase the number of resistant strains in the population but, by eradicating susceptible strains, allows greater opportunity for carriage and spread of resistant strains."
0.968999981880188,15933563,"Large dosage amoxicillin/clavulanate, compared with azithromycin, for the treatment of bacterial acute otitis media in children.","BACKGROUND: A large dosage pediatric formulation of amoxicillin/clavulanate with an improved pharmacokinetic/pharmacodynamic profile was developed to eradicate many penicillin-resistant strains of Streptococcus pneumoniae and Haemophilus influenzae (including beta-lactamase-producing strains). METHODS: This randomized, investigator-blinded, multicenter trial examined treatment of bacterial acute otitis media (AOM) in children 6-30 months of age with amoxicillin/clavulanate (90/6.4 mg/kg/d in 2 divided doses for 10 days) versus azithromycin (10 mg/kg for 1 day followed by 5 mg/kg/d for 4 days). Tympanocentesis was performed at entry for bacteriologic assessment, at the on-therapy visit (day 4-6) to determine bacterial eradication and at any time before the end-of-therapy visit (day 12-14) if the child was categorized as experiencing clinical failure. Clinical assessments were performed at the on-therapy, end-of-therapy and follow-up (day 21-25) visits. RESULTS: We enrolled 730 children; AOM pathogens were isolated at baseline for 249 of the amoxicillin/clavulanate group and 245 of the azithromycin group. For children with AOM pathogens at baseline, clinical success rates at the end-of-therapy visit were 90.5% for amoxicillin/clavulanate versus 80.9% for azithromycin (P < 0.01), and those at the on-therapy and follow-up visits were 94.9% versus 88.0% and 80.3% versus 71.1%, respectively (all P < 0.05). At the on-therapy visit, pretherapy pathogens were eradicated for 94.2% of children receiving amoxicillin/clavulanate versus 70.3% of those receiving azithromycin (P < 0.001). Amoxicillin/clavulanate eradicated 96.0% of S. pneumoniae (92.0% of fully penicillin-resistant S. pneumoniae) and 89.7% of H. influenzae (85.7% [6 of 7 cases] of beta-lactamase-positive H. influenzae). Corresponding rates for azithromycin were 80.4% (54.5%) for S. pneumoniae and 49.1% (100% [1 of 1 case]) for H. influenzae (all P < 0.01 for between-drug comparisons). CONCLUSION: Amoxicillin/clavulanate was clinically and bacteriologically more effective than azithromycin among children with bacterial AOM, including cases caused by penicillin-resistant S. pneumoniae and beta-lactamase-positive H. influenzae."
0.9679999947547913,15682244,Randomized controlled trial of standard versus double dose cotrimoxazole for childhood pneumonia in Pakistan.,"OBJECTIVE: Increasing concern over bacterial resistance to cotrimoxazole, which is recommended by WHO as a first-line drug for treating non-severe pneumonia, led to the suggestion that this might not be optimal therapy. However, changing to alternative antimicrobial agents, such as amoxicillin, is costly. We compared the clinical efficacy of twice-daily cotrimoxazole in standard versus double dosage for treating non-severe pneumonia in children. METHODS: A randomized controlled multicentre trial was implemented in seven hospital outpatient departments and two community health programmes. A total of 1143 children aged 2-59 months with non-severe pneumonia were randomly allocated to receive 4 mg trimethoprim plus 20 mg sulfamethoxazole/kg of body weight or 8 mg trimethoprim plus 40 mg sulfamethoxazole/kg of body weight orally twice-daily for 5 days Treatment failure occurred when a child required a change of therapy, died or was lost to follow-up. Children required a change of therapy if their condition worsened (they developed chest indrawing or danger signs) or if at 48 hours after enrollment, their clinical condition was the same (defined as having a respiratory rate that was 5 breaths/minute higher or lower than at the time of enrollment). FINDINGS: The results of 1134 children were analysed: 578 were assigned to the standard dose of cotrimoxazole and 556 to the double dose. Treatment failed in 112 children (19.4%) in the standard group and 118 (21.2%) in the double-dose group (relative risk 1.10; 95% confidence interval = 0.87-1.37). Using multivariate analysis we found that treatment was more likely to fail in children who were not given the medicine correctly (P = 0.001), in those younger than 12 months (P = 0.004), those who had used antibiotics previously (P = 0.002), those whose respiratory rate was > or =20 breaths/minute above the age-specific cut-off point (P = 0.006), and those from urban areas (P = 0.042). CONCLUSION: Both standard and double strength cotrimoxazole were equally effective in treating non-severe pneumonia. Close follow-up of patients is essential to prevent worsening of disease. Definitions of clinical failure need to be more specific. Surveillance in both rural and urban areas is essential in the development of treatment policies that are based on clinical outcomes."
