SysRev ID,RCTs,Total Studies,AP,RR,First Hit,Last Hit,R@10,R@100,R@1000,R@10000
1,15,38,0.0005243867865375081,0.00034211426616489907,2923,40913,0.0,0.0,0.0,0.4
2,5,9,0.0027656802385120785,0.006134969325153374,163,4461,0.0,0.0,0.2,1.0
3,6,10,0.005402588521548052,0.00684931506849315,146,33089,0.0,0.0,0.5,0.8333333333333334
6,22,30,0.3634378534445706,0.5,2,2040,0.2727272727272727,0.7727272727272727,0.9545454545454546,1.0
7,11,11,0.09568223964767161,0.058823529411764705,17,227,0.0,0.8181818181818182,1.0,1.0
8,2,49,1.0302832366266967e-05,7.451231688598125e-06,134206,152040,0.0,0.0,0.0,0.0
10,4,5,0.05662186429006424,0.2,5,20118,0.25,0.25,0.75,0.75
11,4,7,0.3783602150537634,1.0,1,48,0.5,1.0,1.0,1.0
12,1,6,0.09090909090909091,0.09090909090909091,11,11,0.0,1.0,1.0,1.0
16,28,32,0.058358704980235106,0.2,5,5328,0.03571428571428571,0.2857142857142857,0.5,1.0
17,15,21,0.029861328489938138,0.02857142857142857,35,3567,0.0,0.3333333333333333,0.8,1.0
22,41,76,0.12821236986652215,1.0,1,9868,0.07317073170731707,0.24390243902439024,0.5365853658536586,1.0
27,11,12,0.007206090365401704,0.015625,64,8510,0.0,0.09090909090909091,0.6363636363636364,1.0
32,4,4,0.0051134689307296794,0.012195121951219513,82,5199,0.0,0.25,0.5,1.0
39,7,9,0.000698299786752223,0.0008291873963515755,1206,157210,0.0,0.0,0.0,0.7142857142857143
40,2,8,0.011532738095238094,0.017857142857142856,56,384,0.0,0.5,1.0,1.0
44,6,10,0.01599172298670719,0.058823529411764705,17,3702,0.0,0.16666666666666666,0.8333333333333334,1.0
47,4,7,0.0050346705997910655,0.006756756756756757,148,2311,0.0,0.0,0.5,1.0
51,17,19,0.0065271503790848544,0.008547008547008548,117,18108,0.0,0.0,0.5294117647058824,0.8823529411764706
52,4,7,0.06525176405553929,0.08333333333333333,12,68,0.0,1.0,1.0,1.0
53,53,74,0.040245113570310714,0.1,10,23437,0.018867924528301886,0.11320754716981132,0.5849056603773585,0.9622641509433962
60,31,39,0.00250205319184924,0.006944444444444444,144,91492,0.0,0.0,0.12903225806451613,0.6129032258064516
64,8,11,0.044512328767727635,0.03225806451612903,31,326,0.0,0.5,1.0,1.0
66,1,12,6.358087487283825e-05,6.358087487283825e-05,15728,15728,0.0,0.0,0.0,0.0
67,11,11,0.0004390419091377691,0.0006662225183211193,1501,41533,0.0,0.0,0.0,0.36363636363636365
78,5,97,0.004677852665513545,0.016666666666666666,60,5096,0.0,0.2,0.4,1.0
88,97,137,0.08286355213935091,0.125,8,5891,0.020618556701030927,0.12371134020618557,0.6804123711340206,1.0
102,1,11,0.007692307692307693,0.007692307692307693,130,130,0.0,0.0,1.0,1.0
103,7,8,0.024716830406369992,0.07142857142857142,14,7391,0.0,0.2857142857142857,0.42857142857142855,1.0
105,6,8,0.22125243464533048,1.0,1,16247,0.16666666666666666,0.5,0.8333333333333334,0.8333333333333334
